ID;Дата;Время;Тема;Текст
20240621154645;21.06.2024;15:46;asdfaw;
20240621154696;21.06.2024;15:46;qweqwe;прибраться
20240621154636;21.06.2024;15:46;dfkasdf;qweqweasdfnghfdh
20240621154674;21.06.2024;15:46;sdfasdfasdg;jklj;lj;l
20240621164513;21.06.2024;16:45;Hello;Hello is nice word to greet
20240621165184;21.06.2024;16:51;Hello;There is a hell in hello
20240621201869;21.06.2024;20:18;fdksajhlkasdh;asd;khfasdkhfkljasdhflkjhasd
20240624013822;24.06.2024;01:38;Pribet;asdfkjalsdj
20240703215708;03.07.2024;21:57;досуг;почитать книгу
